{
"lengthUnit": "mil",
"components": {
	"fields": ["COMPONENT_NO", "COMPONENT_NAME", "LAYER", "X_COORDINATE", "Y_COORDINATE", "ANGLE"],
	"rows": [
		[1, "H11", "T", 6618, -1954, 180],
		[2, "H12", "T", 6301.33, -2094, 180],
		[3, "H13", "T", 5980.67, -2094, 180],
		[4, "H14", "T", 5664, -1954, 180],
		[5, "H15", "T", 5672, -3604, 0],
		[6, "H16", "T", 5989.33, -3604, 0],
		[7, "H17", "T", 6306.67, -3604, 0],
		[8, "H18", "T", 6624, -3604, 0],
		[9, "ON", "T", 7408.84, -732.72, 270],
		[10, "R9", "T", 5880, -4096, 270],
		[11, "R10", "T", 6428, -4096, 270],
		[12, "R13", "T", 5842.18, -3504.49, 90],
		[13, "R14", "T", 5904, -3504.68, 270],
		[14, "SW2", "T", 5036, -2690, 90],
		[15, "SW3", "T", 7262, -2690, 270],
		[16, "U2", "T", 5534, -1656, 0],
		[17, "U3", "T", 6534, -3438, 180],
		[18, "U5", "T", 6144, -1584, 180],
		[19, "USB1", "T", 6156, -4140, 0]
	]
},
"pins": {
	"fields": ["PIN_NO", "PIN_NAME", "PIN_X", "PIN_Y", "LAYER", "PIN_TYPE", "NET_NAME", "NET_TYPE", "PAD_SHAPE", "PAD_SIZEX", "PAD_SIZEY", "HOLE_SIZE", "PAD_ANGLE"],
	"rows": [
		[1, "H11_1", 6727, -1834.5, "T", "SMD", "GND", "GND", "O", 86.61, 118.11, 0, 180],
		[2, "H11_2", 6618, -1835.5, "T", "SMD", "+5V", "", "O", 86.61, 118.11, 0, 180],
		[3, "H11_3", 6510, -1835.5, "T", "SMD", "D0", "", "O", 86.61, 118.11, 0, 180],
		[4, "H12_1", 6410.33, -1974.5, "T", "SMD", "GND", "GND", "O", 86.61, 118.11, 0, 180],
		[5, "H12_2", 6301.33, -1975.5, "T", "SMD", "+5V", "", "O", 86.61, 118.11, 0, 180],
		[6, "H12_3", 6193.33, -1975.5, "T", "SMD", "D1", "", "O", 86.61, 118.11, 0, 180],
		[7, "H13_1", 6089.67, -1974.5, "T", "SMD", "GND", "GND", "O", 86.61, 118.11, 0, 180],
		[8, "H13_2", 5980.67, -1975.5, "T", "SMD", "+5V", "", "O", 86.61, 118.11, 0, 180],
		[9, "H13_3", 5872.67, -1975.5, "T", "SMD", "D2", "", "O", 86.61, 118.11, 0, 180],
		[10, "H14_1", 5773, -1834.5, "T", "SMD", "GND", "GND", "O", 86.61, 118.11, 0, 180],
		[11, "H14_2", 5664, -1835.5, "T", "SMD", "+5V", "", "O", 86.61, 118.11, 0, 180],
		[12, "H14_3", 5556, -1835.5, "T", "SMD", "D3", "", "O", 86.61, 118.11, 0, 180],
		[13, "H15_1", 5563, -3723.5, "T", "SMD", "GND", "GND", "O", 86.61, 118.11, 0, 0],
		[14, "H15_2", 5672, -3722.5, "T", "SMD", "+5V", "", "O", 86.61, 118.11, 0, 0],
		[15, "H15_3", 5780, -3722.5, "T", "SMD", "D5", "", "O", 86.61, 118.11, 0, 0],
		[16, "H16_1", 5880.33, -3723.5, "T", "SMD", "GND", "GND", "O", 86.61, 118.11, 0, 0],
		[17, "H16_2", 5989.33, -3722.5, "T", "SMD", "+5V", "", "O", 86.61, 118.11, 0, 0],
		[18, "H16_3", 6097.33, -3722.5, "T", "SMD", "D6", "", "O", 86.61, 118.11, 0, 0],
		[19, "H17_1", 6197.67, -3723.5, "T", "SMD", "GND", "GND", "O", 86.61, 118.11, 0, 0],
		[20, "H17_2", 6306.67, -3722.5, "T", "SMD", "+5V", "", "O", 86.61, 118.11, 0, 0],
		[21, "H17_3", 6414.67, -3722.5, "T", "SMD", "D7", "", "O", 86.61, 118.11, 0, 0],
		[22, "H18_1", 6515, -3723.5, "T", "SMD", "GND", "GND", "O", 86.61, 118.11, 0, 0],
		[23, "H18_2", 6624, -3722.5, "T", "SMD", "+5V", "", "O", 86.61, 118.11, 0, 0],
		[24, "H18_3", 6732, -3722.5, "T", "SMD", "D8", "", "O", 86.61, 118.11, 0, 0],
		[25, "ON_1", 6963.84, -2562.72, "T", "DIP", "$1N10734", "", "O", 157.48, 196.85, 0.1, 270],
		[26, "ON_1", 6963.84, -2562.72, "B", "DIP", "$1N10734", "", "O", 157.48, 196.85, 0.1, 270],
		[27, "ON_2", 6963.84, -2812.72, "T", "DIP", "$1N10514", "", "O", 157.48, 196.85, 0.1, 270],
		[28, "ON_2", 6963.84, -2812.72, "B", "DIP", "$1N10514", "", "O", 157.48, 196.85, 0.1, 270],
		[29, "R9_1", 5880, -4066.34, "T", "SMD", "GND", "GND", "R", 31.75, 34.02, 0, 270],
		[30, "R9_2", 5880, -4125.66, "T", "SMD", "$1N11765", "", "R", 31.75, 34.02, 0, 270],
		[31, "R10_1", 6428, -4066.34, "T", "SMD", "GND", "GND", "R", 31.75, 34.02, 0, 270],
		[32, "R10_2", 6428, -4125.66, "T", "SMD", "$1N11766", "", "R", 31.75, 34.02, 0, 270],
		[33, "R13_1", 5842.18, -3534.15, "T", "SMD", "VBAT", "", "R", 31.75, 34.02, 0, 90],
		[34, "R13_2", 5842.18, -3474.83, "T", "SMD", "$1N11422", "", "R", 31.75, 34.02, 0, 90],
		[35, "R14_1", 5904, -3475.02, "T", "SMD", "GND", "GND", "R", 31.75, 34.02, 0, 270],
		[36, "R14_2", 5904, -3534.34, "T", "SMD", "VBAT", "", "R", 31.75, 34.02, 0, 270],
		[37, "SW2_1", 5036, -2768.74, "T", "DIP", "USB5V", "", "O", 62.99, 62.99, 39.37, 90],
		[38, "SW2_1", 5036, -2768.74, "B", "DIP", "USB5V", "", "O", 62.99, 62.99, 39.37, 90],
		[39, "SW2_2", 5036, -2690, "T", "DIP", "+5V", "", "O", 62.99, 62.99, 39.37, 90],
		[40, "SW2_2", 5036, -2690, "B", "DIP", "+5V", "", "O", 62.99, 62.99, 39.37, 90],
		[41, "SW2_3", 5036, -2611.26, "T", "DIP", "VBUCK5V", "", "O", 62.99, 62.99, 39.37, 90],
		[42, "SW2_3", 5036, -2611.26, "B", "DIP", "VBUCK5V", "", "O", 62.99, 62.99, 39.37, 90],
		[43, "SW2_4", 5036, -2526.61, "T", "DIP", "SW2_4", "", "O", 102.36, 78.74, 55.12, 0],
		[44, "SW2_4", 5036, -2526.61, "B", "DIP", "SW2_4", "", "O", 102.36, 78.74, 55.12, 0],
		[45, "SW2_5", 5036, -2853.39, "T", "DIP", "SW2_5", "", "O", 102.36, 78.74, 55.12, 0],
		[46, "SW2_5", 5036, -2853.39, "B", "DIP", "SW2_5", "", "O", 102.36, 78.74, 55.12, 0],
		[47, "SW3_1", 7262, -2611.26, "T", "DIP", "$1N10734", "", "O", 62.99, 62.99, 39.37, 270],
		[48, "SW3_1", 7262, -2611.26, "B", "DIP", "$1N10734", "", "O", 62.99, 62.99, 39.37, 270],
		[49, "SW3_2", 7262, -2690, "T", "DIP", "$1N11422", "", "O", 62.99, 62.99, 39.37, 270],
		[50, "SW3_2", 7262, -2690, "B", "DIP", "$1N11422", "", "O", 62.99, 62.99, 39.37, 270],
		[51, "SW3_3", 7262, -2768.74, "T", "DIP", "SW3_3", "", "O", 62.99, 62.99, 39.37, 270],
		[52, "SW3_3", 7262, -2768.74, "B", "DIP", "SW3_3", "", "O", 62.99, 62.99, 39.37, 270],
		[53, "SW3_4", 7262, -2853.39, "T", "DIP", "SW3_4", "", "O", 102.36, 78.74, 55.12, 180],
		[54, "SW3_4", 7262, -2853.39, "B", "DIP", "SW3_4", "", "O", 102.36, 78.74, 55.12, 180],
		[55, "SW3_5", 7262, -2526.61, "T", "DIP", "SW3_5", "", "O", 102.36, 78.74, 55.12, 180],
		[56, "SW3_5", 7262, -2526.61, "B", "DIP", "SW3_5", "", "O", 102.36, 78.74, 55.12, 180],
		[57, "U2_1", 5583.06, -2081, "T", "DIP", "VBAT", "", "C", 60, 60, 36, 90],
		[58, "U2_1", 5583.06, -2081, "B", "DIP", "VBAT", "", "C", 60, 60, 36, 90],
		[59, "U2_2", 5583.06, -2181, "T", "DIP", "U2_2", "", "C", 60, 60, 36, 90],
		[60, "U2_2", 5583.06, -2181, "B", "DIP", "U2_2", "", "C", 60, 60, 36, 90],
		[61, "U2_3", 5583.06, -2281, "T", "DIP", "U2_3", "", "C", 60, 60, 36, 90],
		[62, "U2_3", 5583.06, -2281, "B", "DIP", "U2_3", "", "C", 60, 60, 36, 90],
		[63, "U2_4", 5583.06, -2381, "T", "DIP", "U2_4", "", "C", 60, 60, 36, 90],
		[64, "U2_4", 5583.06, -2381, "B", "DIP", "U2_4", "", "C", 60, 60, 36, 90],
		[65, "U2_5", 5583.06, -2481, "T", "DIP", "U2_5", "", "C", 60, 60, 36, 90],
		[66, "U2_5", 5583.06, -2481, "B", "DIP", "U2_5", "", "C", 60, 60, 36, 90],
		[67, "U2_6", 5583.06, -2581, "T", "DIP", "U2_6", "", "C", 60, 60, 36, 90],
		[68, "U2_6", 5583.06, -2581, "B", "DIP", "U2_6", "", "C", 60, 60, 36, 90],
		[69, "U2_7", 5583.06, -2681, "T", "DIP", "U2_7", "", "C", 60, 60, 36, 90],
		[70, "U2_7", 5583.06, -2681, "B", "DIP", "U2_7", "", "C", 60, 60, 36, 90],
		[71, "U2_8", 5583.06, -2781, "T", "DIP", "U2_8", "", "C", 60, 60, 36, 90],
		[72, "U2_8", 5583.06, -2781, "B", "DIP", "U2_8", "", "C", 60, 60, 36, 90],
		[73, "U2_9", 5583.06, -2881, "T", "DIP", "U2_9", "", "C", 60, 60, 36, 90],
		[74, "U2_9", 5583.06, -2881, "B", "DIP", "U2_9", "", "C", 60, 60, 36, 90],
		[75, "U2_10", 5583.06, -2981, "T", "DIP", "U2_10", "", "C", 60, 60, 36, 90],
		[76, "U2_10", 5583.06, -2981, "B", "DIP", "U2_10", "", "C", 60, 60, 36, 90],
		[77, "U2_11", 5583.06, -3081, "T", "DIP", "U2_11", "", "C", 60, 60, 36, 90],
		[78, "U2_11", 5583.06, -3081, "B", "DIP", "U2_11", "", "C", 60, 60, 36, 90],
		[79, "U2_12", 5583.06, -3181, "T", "DIP", "U2_12", "", "C", 60, 60, 36, 90],
		[80, "U2_12", 5583.06, -3181, "B", "DIP", "U2_12", "", "C", 60, 60, 36, 90],
		[81, "U2_13", 5583.06, -3281, "T", "DIP", "U2_13", "", "C", 60, 60, 36, 90],
		[82, "U2_13", 5583.06, -3281, "B", "DIP", "U2_13", "", "C", 60, 60, 36, 90],
		[83, "U2_14", 5583.06, -3381, "T", "DIP", "GND", "GND", "C", 60, 60, 36, 90],
		[84, "U2_14", 5583.06, -3381, "B", "DIP", "GND", "GND", "C", 60, 60, 36, 90],
		[85, "U2_15", 5583.06, -3481, "T", "DIP", "+5V", "", "C", 60, 60, 36, 90],
		[86, "U2_15", 5583.06, -3481, "B", "DIP", "+5V", "", "C", 60, 60, 36, 90],
		[87, "U2_16", 6705.42, -3481, "T", "DIP", "U2_16", "", "C", 60, 60, 36, 90],
		[88, "U2_16", 6705.42, -3481, "B", "DIP", "U2_16", "", "C", 60, 60, 36, 90],
		[89, "U2_17", 6705.42, -3381, "T", "DIP", "GND", "GND", "C", 60, 60, 36, 90],
		[90, "U2_17", 6705.42, -3381, "B", "DIP", "GND", "GND", "C", 60, 60, 36, 90],
		[91, "U2_18", 6705.42, -3281, "T", "DIP", "SCLTX", "", "C", 60, 60, 36, 90],
		[92, "U2_18", 6705.42, -3281, "B", "DIP", "SCLTX", "", "C", 60, 60, 36, 90],
		[93, "U2_19", 6705.42, -3181, "T", "DIP", "SDARX", "", "C", 60, 60, 36, 90],
		[94, "U2_19", 6705.42, -3181, "B", "DIP", "SDARX", "", "C", 60, 60, 36, 90],
		[95, "U2_20", 6705.42, -3081, "T", "DIP", "D8", "", "C", 60, 60, 36, 90],
		[96, "U2_20", 6705.42, -3081, "B", "DIP", "D8", "", "C", 60, 60, 36, 90],
		[97, "U2_21", 6705.42, -2981, "T", "DIP", "D7", "", "C", 60, 60, 36, 90],
		[98, "U2_21", 6705.42, -2981, "B", "DIP", "D7", "", "C", 60, 60, 36, 90],
		[99, "U2_22", 6705.42, -2881, "T", "DIP", "D6", "", "C", 60, 60, 36, 90],
		[100, "U2_22", 6705.42, -2881, "B", "DIP", "D6", "", "C", 60, 60, 36, 90],
		[101, "U2_23", 6705.42, -2781, "T", "DIP", "D5", "", "C", 60, 60, 36, 90],
		[102, "U2_23", 6705.42, -2781, "B", "DIP", "D5", "", "C", 60, 60, 36, 90],
		[103, "U2_24", 6705.42, -2681, "T", "DIP", "GND", "GND", "C", 60, 60, 36, 90],
		[104, "U2_24", 6705.42, -2681, "B", "DIP", "GND", "GND", "C", 60, 60, 36, 90],
		[105, "U2_25", 6705.42, -2581, "T", "DIP", "3V3", "", "C", 60, 60, 36, 90],
		[106, "U2_25", 6705.42, -2581, "B", "DIP", "3V3", "", "C", 60, 60, 36, 90],
		[107, "U2_26", 6705.42, -2481, "T", "DIP", "U2_26", "", "C", 60, 60, 36, 90],
		[108, "U2_26", 6705.42, -2481, "B", "DIP", "U2_26", "", "C", 60, 60, 36, 90],
		[109, "U2_27", 6705.42, -2381, "T", "DIP", "D3", "", "C", 60, 60, 36, 90],
		[110, "U2_27", 6705.42, -2381, "B", "DIP", "D3", "", "C", 60, 60, 36, 90],
		[111, "U2_28", 6705.42, -2281, "T", "DIP", "D2", "", "C", 60, 60, 36, 90],
		[112, "U2_28", 6705.42, -2281, "B", "DIP", "D2", "", "C", 60, 60, 36, 90],
		[113, "U2_29", 6705.42, -2181, "T", "DIP", "D1", "", "C", 60, 60, 36, 90],
		[114, "U2_29", 6705.42, -2181, "B", "DIP", "D1", "", "C", 60, 60, 36, 90],
		[115, "U2_30", 6705.42, -2081, "T", "DIP", "D0", "", "C", 60, 60, 36, 90],
		[116, "U2_30", 6705.42, -2081, "B", "DIP", "D0", "", "C", 60, 60, 36, 90],
		[117, "U3_1", 6424, -3358, "T", "SMD", "$1N10514", "", "P", 196.85, 137.8, 0, 180],
		[118, "U3_2", 5894, -3358, "T", "SMD", "$1N11422", "", "P", 196.85, 137.8, 0, 180],
		[119, "U3_3", 6424, -2298, "T", "SMD", "GND", "GND", "P", 196.85, 137.8, 0, 180],
		[120, "U3_4", 5894, -2298, "T", "SMD", "VBUCK5V", "", "P", 196.85, 137.8, 0, 180],
		[121, "U5_1", 6294, -1584, "T", "DIP", "SDARX", "", "C", 74.8, 74.8, 43.31, 180],
		[122, "U5_1", 6294, -1584, "B", "DIP", "SDARX", "", "C", 74.8, 74.8, 43.31, 180],
		[123, "U5_2", 6194, -1584, "T", "DIP", "SCLTX", "", "C", 74.8, 74.8, 43.31, 180],
		[124, "U5_2", 6194, -1584, "B", "DIP", "SCLTX", "", "C", 74.8, 74.8, 43.31, 180],
		[125, "U5_3", 6094, -1584, "T", "DIP", "3V3", "", "C", 74.8, 74.8, 43.31, 180],
		[126, "U5_3", 6094, -1584, "B", "DIP", "3V3", "", "C", 74.8, 74.8, 43.31, 180],
		[127, "U5_4", 5994, -1584, "T", "DIP", "GND", "GND", "C", 74.8, 74.8, 43.31, 180],
		[128, "U5_4", 5994, -1584, "B", "DIP", "GND", "GND", "C", 74.8, 74.8, 43.31, 180],
		[129, "USB1_7", 6326.08, -4217.26, "T", "DIP", "USB1_7", "", "O", 43.31, 74.8, 59.05, 0],
		[130, "USB1_7", 6326.08, -4217.26, "B", "DIP", "USB1_7", "", "O", 43.31, 74.8, 59.05, 0],
		[131, "USB1_7", 5985.92, -4217.26, "T", "DIP", "USB1_A_7", "", "O", 43.31, 74.8, 59.05, 0],
		[132, "USB1_7", 5985.92, -4217.26, "B", "DIP", "USB1_A_7", "", "O", 43.31, 74.8, 59.05, 0],
		[133, "USB1_7", 6326.08, -4067.65, "T", "DIP", "USB1_B_7", "", "O", 43.31, 74.8, 59.06, 0],
		[134, "USB1_7", 6326.08, -4067.65, "B", "DIP", "USB1_B_7", "", "O", 43.31, 74.8, 59.06, 0],
		[135, "USB1_7", 5985.92, -4067.65, "T", "DIP", "USB1_C_7", "", "O", 43.31, 74.8, 59.05, 0],
		[136, "USB1_7", 5985.92, -4067.65, "B", "DIP", "USB1_C_7", "", "O", 43.31, 74.8, 59.05, 0],
		[137, "USB1_A12", 6262.3, -4062.74, "T", "SMD", "GND", "GND", "R", 31.5, 39.37, 0, 0],
		[138, "USB1_A5", 6136.32, -4062.74, "T", "SMD", "$1N11765", "", "R", 27.56, 39.37, 0, 0],
		[139, "USB1_A9", 6215.06, -4062.74, "T", "SMD", "USB5V", "", "R", 27.56, 39.37, 0, 0],
		[140, "USB1_B12", 6049.7, -4062.74, "T", "SMD", "GND", "GND", "R", 31.5, 39.37, 0, 0],
		[141, "USB1_B5", 6175.68, -4062.74, "T", "SMD", "$1N11766", "", "R", 27.56, 39.37, 0, 0],
		[142, "USB1_B9", 6096.95, -4062.74, "T", "SMD", "USB5V", "", "R", 27.56, 39.37, 0, 0]
	]
}
}